order_item_id,order_id,product_id,quantity,unit_price,subtotal
ITEM000001,ORD00001,PROD0073,2,15000,30000
ITEM000002,ORD00001,PROD0003,2,20000,40000
ITEM000003,ORD00001,PROD0063,2,12000,24000
ITEM000004,ORD00002,PROD0108,1,30000,30000
ITEM000005,ORD00003,PROD0046,3,173000,519000
ITEM000006,ORD00003,PROD0121,3,35000,105000
ITEM000007,ORD00003,PROD0081,3,12000,36000
ITEM000008,ORD00004,PROD0101,1,10000,10000
ITEM000009,ORD00004,PROD0076,2,30000,60000
ITEM000010,ORD00004,PROD0070,3,22000,66000
ITEM000011,ORD00005,PROD0073,3,15000,45000
ITEM000012,ORD00005,PROD0044,3,25000,75000
ITEM000013,ORD00006,PROD0048,3,50000,150000
ITEM000014,ORD00006,PROD0026,2,5000,10000
ITEM000015,ORD00006,PROD0055,2,9000,18000
ITEM000016,ORD00007,PROD0076,2,30000,60000
ITEM000017,ORD00008,PROD0068,2,10000,20000
ITEM000018,ORD00008,PROD0003,2,20000,40000
ITEM000019,ORD00008,PROD0001,3,30000,90000
ITEM000020,ORD00008,PROD0036,3,35000,105000
ITEM000021,ORD00009,PROD0058,1,28000,28000
ITEM000022,ORD00010,PROD0034,1,20000,20000
ITEM000023,ORD00010,PROD0020,3,12000,36000
ITEM000024,ORD00010,PROD0031,3,35000,105000
ITEM000025,ORD00010,PROD0051,1,8000,8000
ITEM000026,ORD00011,PROD0033,1,15000,15000
ITEM000027,ORD00012,PROD0082,3,15000,45000
ITEM000028,ORD00012,PROD0105,1,12000,12000
ITEM000029,ORD00013,PROD0095,1,12000,12000
ITEM000030,ORD00013,PROD0120,1,30000,30000
ITEM000031,ORD00014,PROD0106,1,25000,25000
ITEM000032,ORD00014,PROD0074,2,18000,36000
ITEM000033,ORD00014,PROD0061,1,20000,20000
ITEM000034,ORD00014,PROD0105,1,12000,12000
ITEM000035,ORD00015,PROD0111,1,32000,32000
ITEM000036,ORD00015,PROD0004,2,17000,34000
ITEM000037,ORD00016,PROD0071,3,20000,60000
ITEM000038,ORD00017,PROD0043,2,18000,36000
ITEM000039,ORD00017,PROD0039,2,20000,40000
ITEM000040,ORD00018,PROD0047,3,22000,66000
ITEM000041,ORD00018,PROD0042,2,9000,18000
ITEM000042,ORD00019,PROD0119,2,75000,150000
ITEM000043,ORD00020,PROD0009,3,12000,36000
ITEM000044,ORD00020,PROD0105,1,12000,12000
ITEM000045,ORD00020,PROD0002,1,25000,25000
ITEM000046,ORD00020,PROD0032,3,35000,105000
ITEM000047,ORD00021,PROD0086,2,22000,44000
ITEM000048,ORD00022,PROD0023,2,25000,50000
ITEM000049,ORD00023,PROD0048,1,50000,50000
ITEM000050,ORD00023,PROD0004,2,17000,34000
ITEM000051,ORD00024,PROD0084,2,9000,18000
ITEM000052,ORD00024,PROD0093,1,24000,24000
ITEM000053,ORD00024,PROD0117,2,100000,200000
ITEM000054,ORD00025,PROD0119,2,75000,150000
ITEM000055,ORD00025,PROD0018,3,125000,375000
ITEM000056,ORD00025,PROD0093,1,24000,24000
ITEM000057,ORD00025,PROD0003,3,20000,60000
ITEM000058,ORD00026,PROD0068,3,10000,30000
ITEM000059,ORD00026,PROD0067,2,30000,60000
ITEM000060,ORD00026,PROD0054,2,25000,50000
ITEM000061,ORD00027,PROD0043,1,18000,18000
ITEM000062,ORD00028,PROD0078,1,12000,12000
ITEM000063,ORD00028,PROD0121,2,35000,70000
ITEM000064,ORD00028,PROD0017,2,50000,100000
ITEM000065,ORD00028,PROD0032,3,35000,105000
ITEM000066,ORD00029,PROD0027,2,12000,24000
ITEM000067,ORD00029,PROD0113,2,10000,20000
ITEM000068,ORD00029,PROD0022,1,45000,45000
ITEM000069,ORD00030,PROD0083,2,12000,24000
ITEM000070,ORD00030,PROD0097,1,10000,10000
ITEM000071,ORD00031,PROD0060,2,10000,20000
ITEM000072,ORD00031,PROD0047,2,22000,44000
ITEM000073,ORD00032,PROD0046,3,173000,519000
ITEM000074,ORD00032,PROD0082,2,15000,30000
ITEM000075,ORD00032,PROD0033,1,15000,15000
ITEM000076,ORD00032,PROD0081,3,12000,36000
ITEM000077,ORD00033,PROD0041,3,20000,60000
ITEM000078,ORD00034,PROD0042,1,9000,9000
ITEM000079,ORD00034,PROD0091,1,16000,16000
ITEM000080,ORD00034,PROD0035,3,5000,15000
ITEM000081,ORD00035,PROD0086,1,22000,22000
ITEM000082,ORD00035,PROD0016,3,150000,450000
ITEM000083,ORD00035,PROD0028,3,5000,15000
ITEM000084,ORD00035,PROD0090,1,12000,12000
ITEM000085,ORD00036,PROD0005,3,25000,75000
ITEM000086,ORD00036,PROD0073,2,15000,30000
ITEM000087,ORD00036,PROD0021,3,45000,135000
ITEM000088,ORD00036,PROD0098,2,15000,30000
ITEM000089,ORD00037,PROD0066,1,25000,25000
ITEM000090,ORD00037,PROD0009,1,12000,12000
ITEM000091,ORD00037,PROD0042,3,9000,27000
ITEM000092,ORD00038,PROD0046,3,173000,519000
ITEM000093,ORD00038,PROD0001,3,30000,90000
ITEM000094,ORD00038,PROD0120,3,30000,90000
ITEM000095,ORD00038,PROD0078,2,12000,24000
ITEM000096,ORD00039,PROD0047,1,22000,22000
ITEM000097,ORD00039,PROD0112,1,12000,12000
ITEM000098,ORD00040,PROD0019,3,15000,45000
ITEM000099,ORD00040,PROD0024,2,12000,24000
ITEM000100,ORD00040,PROD0040,3,40000,120000
ITEM000101,ORD00041,PROD0083,2,12000,24000
ITEM000102,ORD00041,PROD0096,2,8000,16000
ITEM000103,ORD00041,PROD0035,2,5000,10000
ITEM000104,ORD00042,PROD0110,2,20000,40000
ITEM000105,ORD00042,PROD0047,1,22000,22000
ITEM000106,ORD00042,PROD0071,1,20000,20000
ITEM000107,ORD00043,PROD0021,2,45000,90000
ITEM000108,ORD00043,PROD0111,2,32000,64000
ITEM000109,ORD00043,PROD0070,3,22000,66000
ITEM000110,ORD00044,PROD0068,1,10000,10000
ITEM000111,ORD00044,PROD0069,3,15000,45000
ITEM000112,ORD00044,PROD0014,3,60000,180000
ITEM000113,ORD00044,PROD0017,1,50000,50000
ITEM000114,ORD00045,PROD0021,3,45000,135000
ITEM000115,ORD00045,PROD0054,1,25000,25000
ITEM000116,ORD00046,PROD0015,3,40000,120000
ITEM000117,ORD00046,PROD0016,1,150000,150000
ITEM000118,ORD00047,PROD0104,2,50000,100000
ITEM000119,ORD00047,PROD0047,1,22000,22000
ITEM000120,ORD00047,PROD0065,2,10000,20000
ITEM000121,ORD00048,PROD0048,2,50000,100000
ITEM000122,ORD00048,PROD0054,3,25000,75000
ITEM000123,ORD00048,PROD0079,2,30000,60000
ITEM000124,ORD00049,PROD0067,3,30000,90000
ITEM000125,ORD00049,PROD0026,2,5000,10000
ITEM000126,ORD00050,PROD0006,3,15000,45000
ITEM000127,ORD00050,PROD0113,2,10000,20000
ITEM000128,ORD00050,PROD0042,2,9000,18000
ITEM000129,ORD00051,PROD0093,2,24000,48000
ITEM000130,ORD00052,PROD0111,1,32000,32000
ITEM000131,ORD00052,PROD0037,1,60000,60000
ITEM000132,ORD00052,PROD0039,2,20000,40000
ITEM000133,ORD00052,PROD0090,1,12000,12000
ITEM000134,ORD00053,PROD0037,2,60000,120000
ITEM000135,ORD00053,PROD0084,1,9000,9000
ITEM000136,ORD00053,PROD0094,1,8000,8000
ITEM000137,ORD00054,PROD0120,3,30000,90000
ITEM000138,ORD00055,PROD0055,3,9000,27000
ITEM000139,ORD00055,PROD0081,1,12000,12000
ITEM000140,ORD00055,PROD0069,1,15000,15000
ITEM000141,ORD00056,PROD0079,2,30000,60000
ITEM000142,ORD00056,PROD0083,2,12000,24000
ITEM000143,ORD00056,PROD0002,1,25000,25000
ITEM000144,ORD00057,PROD0116,2,45000,90000
ITEM000145,ORD00057,PROD0052,3,12000,36000
ITEM000146,ORD00057,PROD0067,2,30000,60000
ITEM000147,ORD00057,PROD0055,3,9000,27000
ITEM000148,ORD00058,PROD0028,1,5000,5000
ITEM000149,ORD00059,PROD0103,1,50000,50000
ITEM000150,ORD00059,PROD0098,1,15000,15000
ITEM000151,ORD00060,PROD0028,1,5000,5000
ITEM000152,ORD00060,PROD0032,2,35000,70000
ITEM000153,ORD00060,PROD0048,3,50000,150000
ITEM000154,ORD00060,PROD0110,1,20000,20000
ITEM000155,ORD00061,PROD0123,3,90000,270000
ITEM000156,ORD00061,PROD0009,3,12000,36000
ITEM000157,ORD00061,PROD0001,2,30000,60000
ITEM000158,ORD00062,PROD0036,3,35000,105000
ITEM000159,ORD00062,PROD0090,2,12000,24000
ITEM000160,ORD00062,PROD0082,1,15000,15000
ITEM000161,ORD00063,PROD0004,3,17000,51000
ITEM000162,ORD00063,PROD0017,1,50000,50000
ITEM000163,ORD00063,PROD0028,3,5000,15000
ITEM000164,ORD00063,PROD0116,1,45000,45000
ITEM000165,ORD00064,PROD0069,2,15000,30000
ITEM000166,ORD00065,PROD0020,2,12000,24000
ITEM000167,ORD00065,PROD0045,3,25000,75000
ITEM000168,ORD00065,PROD0024,3,12000,36000
ITEM000169,ORD00066,PROD0040,3,40000,120000
ITEM000170,ORD00066,PROD0011,2,100000,200000
ITEM000171,ORD00067,PROD0027,3,12000,36000
ITEM000172,ORD00067,PROD0082,1,15000,15000
ITEM000173,ORD00067,PROD0023,3,25000,75000
ITEM000174,ORD00067,PROD0009,2,12000,24000
ITEM000175,ORD00068,PROD0003,1,20000,20000
ITEM000176,ORD00068,PROD0039,2,20000,40000
ITEM000177,ORD00068,PROD0092,1,25000,25000
ITEM000178,ORD00069,PROD0025,2,5000,10000
ITEM000179,ORD00069,PROD0041,1,20000,20000
ITEM000180,ORD00069,PROD0078,3,12000,36000
ITEM000181,ORD00070,PROD0009,2,12000,24000
ITEM000182,ORD00070,PROD0024,2,12000,24000
ITEM000183,ORD00070,PROD0053,3,40000,120000
ITEM000184,ORD00070,PROD0096,1,8000,8000
ITEM000185,ORD00071,PROD0116,1,45000,45000
ITEM000186,ORD00072,PROD0042,1,9000,9000
ITEM000187,ORD00072,PROD0105,2,12000,24000
ITEM000188,ORD00072,PROD0073,2,15000,30000
ITEM000189,ORD00073,PROD0027,2,12000,24000
ITEM000190,ORD00073,PROD0082,3,15000,45000
ITEM000191,ORD00074,PROD0041,2,20000,40000
ITEM000192,ORD00074,PROD0088,2,31000,62000
ITEM000193,ORD00074,PROD0091,1,16000,16000
ITEM000194,ORD00075,PROD0115,3,40000,120000
ITEM000195,ORD00075,PROD0093,1,24000,24000
ITEM000196,ORD00075,PROD0039,3,20000,60000
ITEM000197,ORD00075,PROD0014,2,60000,120000
ITEM000198,ORD00076,PROD0054,2,25000,50000
ITEM000199,ORD00076,PROD0017,2,50000,100000
ITEM000200,ORD00077,PROD0098,1,15000,15000
ITEM000201,ORD00078,PROD0116,3,45000,135000
ITEM000202,ORD00078,PROD0042,2,9000,18000
ITEM000203,ORD00078,PROD0106,1,25000,25000
ITEM000204,ORD00079,PROD0015,2,40000,80000
ITEM000205,ORD00079,PROD0022,2,45000,90000
ITEM000206,ORD00080,PROD0052,1,12000,12000
ITEM000207,ORD00080,PROD0071,1,20000,20000
ITEM000208,ORD00081,PROD0001,1,30000,30000
ITEM000209,ORD00081,PROD0022,2,45000,90000
ITEM000210,ORD00081,PROD0010,3,18000,54000
ITEM000211,ORD00082,PROD0071,3,20000,60000
ITEM000212,ORD00082,PROD0054,3,25000,75000
ITEM000213,ORD00082,PROD0049,2,20000,40000
ITEM000214,ORD00083,PROD0084,1,9000,9000
ITEM000215,ORD00083,PROD0123,2,90000,180000
ITEM000216,ORD00083,PROD0116,3,45000,135000
ITEM000217,ORD00084,PROD0112,1,12000,12000
ITEM000218,ORD00084,PROD0071,2,20000,40000
ITEM000219,ORD00084,PROD0008,1,28000,28000
ITEM000220,ORD00084,PROD0059,1,234000,234000
ITEM000221,ORD00085,PROD0114,1,50000,50000
ITEM000222,ORD00085,PROD0054,2,25000,50000
ITEM000223,ORD00086,PROD0070,2,22000,44000
ITEM000224,ORD00086,PROD0081,3,12000,36000
ITEM000225,ORD00087,PROD0059,2,234000,468000
ITEM000226,ORD00087,PROD0021,2,45000,90000
ITEM000227,ORD00087,PROD0115,2,40000,80000
ITEM000228,ORD00087,PROD0053,3,40000,120000
ITEM000229,ORD00088,PROD0052,1,12000,12000
ITEM000230,ORD00089,PROD0110,1,20000,20000
ITEM000231,ORD00089,PROD0040,2,40000,80000
ITEM000232,ORD00089,PROD0005,2,25000,50000
ITEM000233,ORD00090,PROD0046,1,173000,173000
ITEM000234,ORD00090,PROD0010,2,18000,36000
ITEM000235,ORD00090,PROD0051,3,8000,24000
ITEM000236,ORD00090,PROD0080,3,10000,30000
ITEM000237,ORD00091,PROD0063,2,12000,24000
ITEM000238,ORD00091,PROD0064,1,10000,10000
ITEM000239,ORD00091,PROD0032,3,35000,105000
ITEM000240,ORD00092,PROD0032,1,35000,35000
ITEM000241,ORD00092,PROD0052,1,12000,12000
ITEM000242,ORD00092,PROD0119,2,75000,150000
ITEM000243,ORD00093,PROD0016,2,150000,300000
ITEM000244,ORD00093,PROD0080,2,10000,20000
ITEM000245,ORD00093,PROD0093,2,24000,48000
ITEM000246,ORD00093,PROD0039,1,20000,20000
ITEM000247,ORD00094,PROD0016,2,150000,300000
ITEM000248,ORD00095,PROD0105,2,12000,24000
ITEM000249,ORD00095,PROD0023,3,25000,75000
ITEM000250,ORD00095,PROD0074,3,18000,54000
ITEM000251,ORD00096,PROD0032,1,35000,35000
ITEM000252,ORD00096,PROD0090,1,12000,12000
ITEM000253,ORD00096,PROD0040,1,40000,40000
ITEM000254,ORD00096,PROD0052,1,12000,12000
ITEM000255,ORD00097,PROD0023,3,25000,75000
ITEM000256,ORD00097,PROD0050,2,5000,10000
ITEM000257,ORD00097,PROD0067,2,30000,60000
ITEM000258,ORD00098,PROD0033,3,15000,45000
ITEM000259,ORD00098,PROD0065,2,10000,20000
ITEM000260,ORD00099,PROD0067,2,30000,60000
ITEM000261,ORD00100,PROD0077,1,6000,6000
ITEM000262,ORD00100,PROD0065,3,10000,30000
ITEM000263,ORD00100,PROD0027,2,12000,24000
ITEM000264,ORD00101,PROD0086,2,22000,44000
ITEM000265,ORD00102,PROD0056,2,15000,30000
ITEM000266,ORD00103,PROD0061,2,20000,40000
ITEM000267,ORD00103,PROD0025,3,5000,15000
ITEM000268,ORD00104,PROD0079,2,30000,60000
ITEM000269,ORD00105,PROD0082,1,15000,15000
ITEM000270,ORD00105,PROD0056,3,15000,45000
ITEM000271,ORD00105,PROD0090,1,12000,12000
ITEM000272,ORD00106,PROD0073,1,15000,15000
ITEM000273,ORD00107,PROD0109,1,9000,9000
ITEM000274,ORD00108,PROD0075,3,20000,60000
ITEM000275,ORD00108,PROD0067,2,30000,60000
ITEM000276,ORD00108,PROD0038,1,30000,30000
ITEM000277,ORD00109,PROD0103,2,50000,100000
ITEM000278,ORD00110,PROD0052,2,12000,24000
ITEM000279,ORD00111,PROD0113,1,10000,10000
ITEM000280,ORD00112,PROD0073,1,15000,15000
ITEM000281,ORD00112,PROD0094,1,8000,8000
ITEM000282,ORD00113,PROD0115,1,40000,40000
ITEM000283,ORD00113,PROD0069,1,15000,15000
ITEM000284,ORD00113,PROD0110,2,20000,40000
ITEM000285,ORD00114,PROD0049,3,20000,60000
ITEM000286,ORD00114,PROD0005,2,25000,50000
ITEM000287,ORD00115,PROD0071,2,20000,40000
ITEM000288,ORD00115,PROD0023,1,25000,25000
ITEM000289,ORD00115,PROD0092,1,25000,25000
ITEM000290,ORD00115,PROD0066,2,25000,50000
ITEM000291,ORD00116,PROD0123,3,90000,270000
ITEM000292,ORD00117,PROD0064,2,10000,20000
ITEM000293,ORD00117,PROD0103,1,50000,50000
ITEM000294,ORD00118,PROD0010,1,18000,18000
ITEM000295,ORD00118,PROD0016,1,150000,150000
ITEM000296,ORD00119,PROD0052,1,12000,12000
ITEM000297,ORD00119,PROD0114,3,50000,150000
ITEM000298,ORD00119,PROD0071,3,20000,60000
ITEM000299,ORD00119,PROD0059,2,234000,468000
ITEM000300,ORD00120,PROD0085,1,48000,48000
ITEM000301,ORD00121,PROD0081,3,12000,36000
ITEM000302,ORD00122,PROD0018,2,125000,250000
ITEM000303,ORD00122,PROD0019,2,15000,30000
ITEM000304,ORD00123,PROD0035,3,5000,15000
ITEM000305,ORD00123,PROD0042,1,9000,9000
ITEM000306,ORD00124,PROD0030,3,10000,30000
ITEM000307,ORD00124,PROD0036,1,35000,35000
ITEM000308,ORD00124,PROD0003,3,20000,60000
ITEM000309,ORD00124,PROD0051,3,8000,24000
ITEM000310,ORD00125,PROD0115,2,40000,80000
ITEM000311,ORD00126,PROD0096,2,8000,16000
ITEM000312,ORD00126,PROD0115,1,40000,40000
ITEM000313,ORD00126,PROD0078,2,12000,24000
ITEM000314,ORD00127,PROD0117,2,100000,200000
ITEM000315,ORD00127,PROD0080,3,10000,30000
ITEM000316,ORD00128,PROD0093,1,24000,24000
ITEM000317,ORD00129,PROD0015,2,40000,80000
ITEM000318,ORD00129,PROD0019,1,15000,15000
ITEM000319,ORD00130,PROD0043,3,18000,54000
ITEM000320,ORD00130,PROD0093,1,24000,24000
ITEM000321,ORD00130,PROD0025,3,5000,15000
ITEM000322,ORD00130,PROD0012,1,75000,75000
ITEM000323,ORD00131,PROD0097,2,10000,20000
ITEM000324,ORD00131,PROD0035,3,5000,15000
ITEM000325,ORD00132,PROD0122,1,60000,60000
ITEM000326,ORD00133,PROD0018,3,125000,375000
ITEM000327,ORD00134,PROD0119,1,75000,75000
ITEM000328,ORD00134,PROD0070,2,22000,44000
ITEM000329,ORD00134,PROD0113,1,10000,10000
ITEM000330,ORD00135,PROD0025,3,5000,15000
ITEM000331,ORD00135,PROD0027,2,12000,24000
ITEM000332,ORD00135,PROD0034,1,20000,20000
ITEM000333,ORD00136,PROD0070,2,22000,44000
ITEM000334,ORD00137,PROD0095,1,12000,12000
ITEM000335,ORD00137,PROD0052,1,12000,12000
ITEM000336,ORD00138,PROD0022,2,45000,90000
ITEM000337,ORD00138,PROD0008,1,28000,28000
ITEM000338,ORD00138,PROD0009,2,12000,24000
ITEM000339,ORD00138,PROD0122,2,60000,120000
ITEM000340,ORD00139,PROD0021,2,45000,90000
ITEM000341,ORD00139,PROD0070,1,22000,22000
ITEM000342,ORD00140,PROD0119,3,75000,225000
ITEM000343,ORD00140,PROD0081,1,12000,12000
ITEM000344,ORD00140,PROD0075,2,20000,40000
ITEM000345,ORD00140,PROD0019,2,15000,30000
ITEM000346,ORD00141,PROD0102,1,14000,14000
ITEM000347,ORD00141,PROD0011,3,100000,300000
ITEM000348,ORD00141,PROD0026,2,5000,10000
ITEM000349,ORD00142,PROD0033,3,15000,45000
ITEM000350,ORD00142,PROD0022,3,45000,135000
ITEM000351,ORD00143,PROD0070,3,22000,66000
ITEM000352,ORD00143,PROD0108,2,30000,60000
ITEM000353,ORD00144,PROD0115,3,40000,120000
ITEM000354,ORD00144,PROD0108,1,30000,30000
ITEM000355,ORD00145,PROD0115,2,40000,80000
ITEM000356,ORD00145,PROD0113,2,10000,20000
ITEM000357,ORD00145,PROD0095,2,12000,24000
ITEM000358,ORD00145,PROD0105,1,12000,12000
ITEM000359,ORD00146,PROD0043,3,18000,54000
ITEM000360,ORD00146,PROD0056,3,15000,45000
ITEM000361,ORD00146,PROD0119,3,75000,225000
ITEM000362,ORD00146,PROD0061,1,20000,20000
ITEM000363,ORD00147,PROD0041,1,20000,20000
ITEM000364,ORD00147,PROD0111,2,32000,64000
ITEM000365,ORD00147,PROD0113,1,10000,10000
ITEM000366,ORD00147,PROD0104,2,50000,100000
ITEM000367,ORD00148,PROD0094,1,8000,8000
ITEM000368,ORD00149,PROD0018,2,125000,250000
ITEM000369,ORD00150,PROD0039,2,20000,40000
ITEM000370,ORD00151,PROD0011,3,100000,300000
ITEM000371,ORD00151,PROD0122,3,60000,180000
ITEM000372,ORD00151,PROD0081,3,12000,36000
ITEM000373,ORD00152,PROD0086,2,22000,44000
ITEM000374,ORD00152,PROD0010,3,18000,54000
ITEM000375,ORD00153,PROD0013,3,25000,75000
ITEM000376,ORD00153,PROD0108,2,30000,60000
ITEM000377,ORD00153,PROD0033,3,15000,45000
ITEM000378,ORD00153,PROD0092,1,25000,25000
ITEM000379,ORD00154,PROD0016,2,150000,300000
ITEM000380,ORD00155,PROD0115,3,40000,120000
ITEM000381,ORD00155,PROD0023,2,25000,50000
ITEM000382,ORD00155,PROD0055,1,9000,9000
ITEM000383,ORD00156,PROD0101,1,10000,10000
ITEM000384,ORD00156,PROD0050,3,5000,15000
ITEM000385,ORD00156,PROD0011,2,100000,200000
ITEM000386,ORD00157,PROD0045,1,25000,25000
ITEM000387,ORD00158,PROD0122,1,60000,60000
ITEM000388,ORD00159,PROD0061,2,20000,40000
ITEM000389,ORD00159,PROD0122,1,60000,60000
ITEM000390,ORD00159,PROD0060,3,10000,30000
ITEM000391,ORD00160,PROD0077,2,6000,12000
ITEM000392,ORD00160,PROD0039,1,20000,20000
ITEM000393,ORD00160,PROD0002,2,25000,50000
ITEM000394,ORD00160,PROD0076,2,30000,60000
ITEM000395,ORD00161,PROD0079,2,30000,60000
ITEM000396,ORD00161,PROD0037,3,60000,180000
ITEM000397,ORD00161,PROD0027,2,12000,24000
ITEM000398,ORD00162,PROD0009,1,12000,12000
ITEM000399,ORD00163,PROD0068,3,10000,30000
ITEM000400,ORD00163,PROD0037,3,60000,180000
ITEM000401,ORD00163,PROD0097,1,10000,10000
ITEM000402,ORD00163,PROD0084,2,9000,18000
ITEM000403,ORD00164,PROD0046,1,173000,173000
ITEM000404,ORD00165,PROD0003,1,20000,20000
ITEM000405,ORD00165,PROD0119,2,75000,150000
ITEM000406,ORD00165,PROD0080,1,10000,10000
ITEM000407,ORD00166,PROD0026,1,5000,5000
ITEM000408,ORD00166,PROD0033,3,15000,45000
ITEM000409,ORD00166,PROD0111,1,32000,32000
ITEM000410,ORD00166,PROD0092,2,25000,50000
ITEM000411,ORD00167,PROD0014,3,60000,180000
ITEM000412,ORD00167,PROD0061,2,20000,40000
ITEM000413,ORD00167,PROD0101,2,10000,20000
ITEM000414,ORD00167,PROD0088,1,31000,31000
ITEM000415,ORD00168,PROD0024,2,12000,24000
ITEM000416,ORD00168,PROD0042,3,9000,27000
ITEM000417,ORD00168,PROD0053,3,40000,120000
ITEM000418,ORD00168,PROD0099,1,22000,22000
ITEM000419,ORD00169,PROD0017,1,50000,50000
ITEM000420,ORD00169,PROD0067,2,30000,60000
ITEM000421,ORD00169,PROD0097,1,10000,10000
ITEM000422,ORD00170,PROD0018,1,125000,125000
ITEM000423,ORD00171,PROD0101,1,10000,10000
ITEM000424,ORD00171,PROD0013,1,25000,25000
ITEM000425,ORD00171,PROD0093,2,24000,48000
ITEM000426,ORD00172,PROD0108,1,30000,30000
ITEM000427,ORD00172,PROD0094,1,8000,8000
ITEM000428,ORD00172,PROD0110,1,20000,20000
ITEM000429,ORD00173,PROD0026,1,5000,5000
ITEM000430,ORD00174,PROD0091,2,16000,32000
ITEM000431,ORD00174,PROD0010,1,18000,18000
ITEM000432,ORD00174,PROD0099,1,22000,22000
ITEM000433,ORD00174,PROD0109,1,9000,9000
ITEM000434,ORD00175,PROD0023,3,25000,75000
ITEM000435,ORD00175,PROD0062,3,30000,90000
ITEM000436,ORD00175,PROD0021,1,45000,45000
ITEM000437,ORD00175,PROD0076,1,30000,30000
ITEM000438,ORD00176,PROD0097,1,10000,10000
ITEM000439,ORD00176,PROD0066,2,25000,50000
ITEM000440,ORD00177,PROD0049,3,20000,60000
ITEM000441,ORD00178,PROD0072,1,22000,22000
ITEM000442,ORD00179,PROD0044,2,25000,50000
ITEM000443,ORD00179,PROD0063,2,12000,24000
ITEM000444,ORD00179,PROD0067,1,30000,30000
ITEM000445,ORD00179,PROD0022,2,45000,90000
ITEM000446,ORD00180,PROD0004,1,17000,17000
ITEM000447,ORD00180,PROD0074,1,18000,18000
ITEM000448,ORD00180,PROD0120,3,30000,90000
ITEM000449,ORD00181,PROD0089,1,8000,8000
ITEM000450,ORD00181,PROD0120,2,30000,60000
ITEM000451,ORD00181,PROD0094,2,8000,16000
ITEM000452,ORD00181,PROD0017,1,50000,50000
ITEM000453,ORD00182,PROD0087,2,22000,44000
ITEM000454,ORD00182,PROD0064,2,10000,20000
ITEM000455,ORD00183,PROD0106,1,25000,25000
ITEM000456,ORD00183,PROD0089,1,8000,8000
ITEM000457,ORD00183,PROD0110,2,20000,40000
ITEM000458,ORD00183,PROD0068,3,10000,30000
ITEM000459,ORD00184,PROD0045,2,25000,50000
ITEM000460,ORD00185,PROD0103,2,50000,100000
ITEM000461,ORD00186,PROD0110,1,20000,20000
ITEM000462,ORD00186,PROD0003,3,20000,60000
ITEM000463,ORD00187,PROD0016,2,150000,300000
ITEM000464,ORD00187,PROD0032,1,35000,35000
ITEM000465,ORD00187,PROD0084,1,9000,9000
ITEM000466,ORD00187,PROD0023,1,25000,25000
ITEM000467,ORD00188,PROD0074,2,18000,36000
ITEM000468,ORD00188,PROD0024,1,12000,12000
ITEM000469,ORD00188,PROD0033,1,15000,15000
ITEM000470,ORD00189,PROD0105,1,12000,12000
ITEM000471,ORD00189,PROD0075,3,20000,60000
ITEM000472,ORD00189,PROD0031,1,35000,35000
ITEM000473,ORD00189,PROD0047,1,22000,22000
ITEM000474,ORD00190,PROD0061,2,20000,40000
ITEM000475,ORD00190,PROD0095,1,12000,12000
ITEM000476,ORD00191,PROD0060,1,10000,10000
ITEM000477,ORD00191,PROD0108,1,30000,30000
ITEM000478,ORD00191,PROD0089,1,8000,8000
ITEM000479,ORD00192,PROD0046,2,173000,346000
ITEM000480,ORD00193,PROD0080,2,10000,20000
ITEM000481,ORD00194,PROD0032,3,35000,105000
ITEM000482,ORD00195,PROD0088,1,31000,31000
ITEM000483,ORD00195,PROD0063,1,12000,12000
ITEM000484,ORD00195,PROD0074,1,18000,18000
ITEM000485,ORD00196,PROD0053,3,40000,120000
ITEM000486,ORD00196,PROD0104,2,50000,100000
ITEM000487,ORD00197,PROD0091,1,16000,16000
ITEM000488,ORD00198,PROD0009,1,12000,12000
ITEM000489,ORD00198,PROD0002,2,25000,50000
ITEM000490,ORD00199,PROD0023,3,25000,75000
ITEM000491,ORD00199,PROD0041,3,20000,60000
ITEM000492,ORD00199,PROD0083,1,12000,12000
ITEM000493,ORD00200,PROD0050,1,5000,5000
ITEM000494,ORD00200,PROD0047,3,22000,66000
ITEM000495,ORD00201,PROD0044,2,25000,50000
ITEM000496,ORD00201,PROD0063,3,12000,36000
ITEM000497,ORD00202,PROD0123,3,90000,270000
ITEM000498,ORD00202,PROD0042,1,9000,9000
ITEM000499,ORD00202,PROD0076,3,30000,90000
ITEM000500,ORD00202,PROD0109,1,9000,9000
ITEM000501,ORD00203,PROD0010,3,18000,54000
ITEM000502,ORD00203,PROD0020,2,12000,24000
ITEM000503,ORD00203,PROD0070,3,22000,66000
ITEM000504,ORD00203,PROD0072,3,22000,66000
ITEM000505,ORD00204,PROD0106,2,25000,50000
ITEM000506,ORD00205,PROD0105,2,12000,24000
ITEM000507,ORD00205,PROD0038,1,30000,30000
ITEM000508,ORD00206,PROD0100,2,9000,18000
ITEM000509,ORD00206,PROD0115,2,40000,80000
ITEM000510,ORD00206,PROD0024,1,12000,12000
ITEM000511,ORD00207,PROD0116,2,45000,90000
ITEM000512,ORD00207,PROD0077,3,6000,18000
ITEM000513,ORD00207,PROD0001,2,30000,60000
ITEM000514,ORD00208,PROD0114,1,50000,50000
ITEM000515,ORD00209,PROD0041,3,20000,60000
ITEM000516,ORD00210,PROD0054,2,25000,50000
ITEM000517,ORD00210,PROD0059,2,234000,468000
ITEM000518,ORD00210,PROD0013,3,25000,75000
ITEM000519,ORD00210,PROD0076,2,30000,60000
ITEM000520,ORD00211,PROD0081,2,12000,24000
ITEM000521,ORD00211,PROD0108,2,30000,60000
ITEM000522,ORD00212,PROD0014,2,60000,120000
ITEM000523,ORD00213,PROD0059,2,234000,468000
ITEM000524,ORD00213,PROD0098,2,15000,30000
ITEM000525,ORD00214,PROD0013,1,25000,25000
ITEM000526,ORD00214,PROD0108,2,30000,60000
ITEM000527,ORD00214,PROD0114,1,50000,50000
ITEM000528,ORD00214,PROD0086,2,22000,44000
ITEM000529,ORD00215,PROD0042,2,9000,18000
ITEM000530,ORD00215,PROD0034,3,20000,60000
ITEM000531,ORD00215,PROD0021,3,45000,135000
ITEM000532,ORD00216,PROD0069,3,15000,45000
ITEM000533,ORD00217,PROD0078,1,12000,12000
ITEM000534,ORD00217,PROD0005,3,25000,75000
ITEM000535,ORD00217,PROD0008,2,28000,56000
ITEM000536,ORD00217,PROD0081,2,12000,24000
ITEM000537,ORD00218,PROD0032,2,35000,70000
ITEM000538,ORD00218,PROD0055,3,9000,27000
ITEM000539,ORD00218,PROD0029,1,12000,12000
ITEM000540,ORD00218,PROD0073,3,15000,45000
ITEM000541,ORD00219,PROD0043,1,18000,18000
ITEM000542,ORD00219,PROD0042,2,9000,18000
ITEM000543,ORD00219,PROD0022,2,45000,90000
ITEM000544,ORD00220,PROD0018,2,125000,250000
ITEM000545,ORD00221,PROD0076,3,30000,90000
ITEM000546,ORD00221,PROD0052,3,12000,36000
ITEM000547,ORD00222,PROD0095,1,12000,12000
ITEM000548,ORD00222,PROD0034,3,20000,60000
ITEM000549,ORD00222,PROD0049,3,20000,60000
ITEM000550,ORD00222,PROD0024,1,12000,12000
ITEM000551,ORD00223,PROD0067,2,30000,60000
ITEM000552,ORD00224,PROD0010,1,18000,18000
ITEM000553,ORD00224,PROD0012,3,75000,225000
ITEM000554,ORD00225,PROD0017,2,50000,100000
ITEM000555,ORD00225,PROD0118,1,38000,38000
ITEM000556,ORD00225,PROD0104,2,50000,100000
ITEM000557,ORD00226,PROD0025,1,5000,5000
ITEM000558,ORD00227,PROD0066,3,25000,75000
ITEM000559,ORD00228,PROD0072,1,22000,22000
ITEM000560,ORD00228,PROD0030,3,10000,30000
ITEM000561,ORD00228,PROD0109,1,9000,9000
ITEM000562,ORD00229,PROD0086,2,22000,44000
ITEM000563,ORD00229,PROD0044,3,25000,75000
ITEM000564,ORD00229,PROD0050,3,5000,15000
ITEM000565,ORD00230,PROD0044,2,25000,50000
ITEM000566,ORD00231,PROD0055,1,9000,9000
ITEM000567,ORD00231,PROD0056,3,15000,45000
ITEM000568,ORD00232,PROD0012,1,75000,75000
ITEM000569,ORD00233,PROD0036,1,35000,35000
ITEM000570,ORD00233,PROD0122,3,60000,180000
ITEM000571,ORD00233,PROD0086,1,22000,22000
ITEM000572,ORD00233,PROD0068,2,10000,20000
ITEM000573,ORD00234,PROD0123,2,90000,180000
ITEM000574,ORD00235,PROD0075,1,20000,20000
ITEM000575,ORD00235,PROD0026,2,5000,10000
ITEM000576,ORD00236,PROD0115,3,40000,120000
ITEM000577,ORD00236,PROD0092,2,25000,50000
ITEM000578,ORD00236,PROD0037,2,60000,120000
ITEM000579,ORD00237,PROD0029,2,12000,24000
ITEM000580,ORD00237,PROD0066,1,25000,25000
ITEM000581,ORD00237,PROD0021,3,45000,135000
ITEM000582,ORD00238,PROD0008,2,28000,56000
ITEM000583,ORD00238,PROD0119,1,75000,75000
ITEM000584,ORD00239,PROD0102,2,14000,28000
ITEM000585,ORD00239,PROD0008,3,28000,84000
ITEM000586,ORD00240,PROD0121,2,35000,70000
ITEM000587,ORD00240,PROD0069,1,15000,15000
ITEM000588,ORD00241,PROD0003,2,20000,40000
ITEM000589,ORD00241,PROD0073,1,15000,15000
ITEM000590,ORD00241,PROD0022,3,45000,135000
ITEM000591,ORD00241,PROD0048,1,50000,50000
ITEM000592,ORD00242,PROD0081,3,12000,36000
ITEM000593,ORD00242,PROD0122,1,60000,60000
ITEM000594,ORD00243,PROD0116,2,45000,90000
ITEM000595,ORD00243,PROD0001,3,30000,90000
ITEM000596,ORD00243,PROD0105,2,12000,24000
ITEM000597,ORD00243,PROD0046,1,173000,173000
ITEM000598,ORD00244,PROD0012,2,75000,150000
ITEM000599,ORD00245,PROD0002,2,25000,50000
ITEM000600,ORD00245,PROD0095,2,12000,24000
ITEM000601,ORD00245,PROD0080,3,10000,30000
ITEM000602,ORD00245,PROD0107,1,12000,12000
ITEM000603,ORD00246,PROD0039,2,20000,40000
ITEM000604,ORD00246,PROD0098,2,15000,30000
ITEM000605,ORD00246,PROD0062,3,30000,90000
ITEM000606,ORD00246,PROD0107,2,12000,24000
ITEM000607,ORD00247,PROD0069,3,15000,45000
ITEM000608,ORD00247,PROD0079,3,30000,90000
ITEM000609,ORD00247,PROD0013,1,25000,25000
ITEM000610,ORD00247,PROD0081,2,12000,24000
ITEM000611,ORD00248,PROD0006,2,15000,30000
ITEM000612,ORD00249,PROD0082,1,15000,15000
ITEM000613,ORD00249,PROD0080,2,10000,20000
ITEM000614,ORD00249,PROD0093,2,24000,48000
ITEM000615,ORD00250,PROD0113,2,10000,20000
ITEM000616,ORD00250,PROD0097,1,10000,10000
ITEM000617,ORD00250,PROD0038,1,30000,30000
ITEM000618,ORD00250,PROD0027,2,12000,24000
ITEM000619,ORD00251,PROD0108,1,30000,30000
ITEM000620,ORD00251,PROD0040,2,40000,80000
ITEM000621,ORD00251,PROD0037,1,60000,60000
ITEM000622,ORD00251,PROD0001,3,30000,90000
ITEM000623,ORD00252,PROD0083,3,12000,36000
ITEM000624,ORD00252,PROD0118,3,38000,114000
ITEM000625,ORD00252,PROD0045,2,25000,50000
ITEM000626,ORD00252,PROD0075,2,20000,40000
ITEM000627,ORD00253,PROD0019,3,15000,45000
ITEM000628,ORD00253,PROD0046,1,173000,173000
ITEM000629,ORD00254,PROD0103,2,50000,100000
ITEM000630,ORD00254,PROD0030,1,10000,10000
ITEM000631,ORD00254,PROD0048,3,50000,150000
ITEM000632,ORD00254,PROD0060,2,10000,20000
ITEM000633,ORD00255,PROD0055,3,9000,27000
ITEM000634,ORD00256,PROD0064,2,10000,20000
ITEM000635,ORD00257,PROD0014,3,60000,180000
ITEM000636,ORD00257,PROD0032,1,35000,35000
ITEM000637,ORD00257,PROD0099,2,22000,44000
ITEM000638,ORD00258,PROD0033,3,15000,45000
ITEM000639,ORD00258,PROD0122,2,60000,120000
ITEM000640,ORD00258,PROD0121,3,35000,105000
ITEM000641,ORD00259,PROD0106,1,25000,25000
ITEM000642,ORD00260,PROD0105,2,12000,24000
ITEM000643,ORD00260,PROD0081,1,12000,12000
ITEM000644,ORD00260,PROD0025,3,5000,15000
ITEM000645,ORD00261,PROD0032,2,35000,70000
ITEM000646,ORD00261,PROD0108,2,30000,60000
ITEM000647,ORD00261,PROD0050,1,5000,5000
ITEM000648,ORD00262,PROD0082,1,15000,15000
ITEM000649,ORD00262,PROD0109,2,9000,18000
ITEM000650,ORD00263,PROD0011,3,100000,300000
ITEM000651,ORD00263,PROD0006,1,15000,15000
ITEM000652,ORD00263,PROD0104,2,50000,100000
ITEM000653,ORD00264,PROD0092,1,25000,25000
ITEM000654,ORD00264,PROD0008,2,28000,56000
ITEM000655,ORD00265,PROD0055,2,9000,18000
ITEM000656,ORD00266,PROD0112,2,12000,24000
ITEM000657,ORD00267,PROD0087,2,22000,44000
ITEM000658,ORD00267,PROD0045,2,25000,50000
ITEM000659,ORD00267,PROD0079,1,30000,30000
ITEM000660,ORD00267,PROD0061,3,20000,60000
ITEM000661,ORD00268,PROD0042,3,9000,27000
ITEM000662,ORD00269,PROD0050,3,5000,15000
ITEM000663,ORD00269,PROD0086,2,22000,44000
ITEM000664,ORD00269,PROD0027,3,12000,36000
ITEM000665,ORD00270,PROD0003,2,20000,40000
ITEM000666,ORD00270,PROD0117,1,100000,100000
ITEM000667,ORD00270,PROD0014,3,60000,180000
ITEM000668,ORD00271,PROD0039,3,20000,60000
ITEM000669,ORD00271,PROD0073,3,15000,45000
ITEM000670,ORD00271,PROD0043,2,18000,36000
ITEM000671,ORD00272,PROD0004,2,17000,34000
ITEM000672,ORD00272,PROD0023,2,25000,50000
ITEM000673,ORD00272,PROD0043,1,18000,18000
ITEM000674,ORD00273,PROD0011,3,100000,300000
ITEM000675,ORD00273,PROD0080,3,10000,30000
ITEM000676,ORD00273,PROD0095,2,12000,24000
ITEM000677,ORD00273,PROD0091,1,16000,16000
ITEM000678,ORD00274,PROD0057,1,35000,35000
ITEM000679,ORD00274,PROD0045,1,25000,25000
ITEM000680,ORD00274,PROD0032,3,35000,105000
ITEM000681,ORD00275,PROD0096,2,8000,16000
ITEM000682,ORD00275,PROD0070,3,22000,66000
ITEM000683,ORD00275,PROD0068,3,10000,30000
ITEM000684,ORD00275,PROD0057,3,35000,105000
ITEM000685,ORD00276,PROD0078,1,12000,12000
ITEM000686,ORD00276,PROD0005,3,25000,75000
ITEM000687,ORD00276,PROD0023,2,25000,50000
ITEM000688,ORD00276,PROD0027,1,12000,12000
ITEM000689,ORD00277,PROD0088,2,31000,62000
ITEM000690,ORD00277,PROD0003,1,20000,20000
ITEM000691,ORD00277,PROD0108,2,30000,60000
ITEM000692,ORD00278,PROD0104,2,50000,100000
ITEM000693,ORD00278,PROD0037,3,60000,180000
ITEM000694,ORD00278,PROD0022,2,45000,90000
ITEM000695,ORD00279,PROD0091,2,16000,32000
ITEM000696,ORD00280,PROD0118,3,38000,114000
ITEM000697,ORD00280,PROD0047,2,22000,44000
ITEM000698,ORD00281,PROD0043,3,18000,54000
ITEM000699,ORD00281,PROD0084,2,9000,18000
ITEM000700,ORD00282,PROD0122,2,60000,120000
ITEM000701,ORD00282,PROD0025,2,5000,10000
ITEM000702,ORD00282,PROD0106,2,25000,50000
ITEM000703,ORD00282,PROD0076,1,30000,30000
ITEM000704,ORD00283,PROD0043,1,18000,18000
ITEM000705,ORD00284,PROD0080,1,10000,10000
ITEM000706,ORD00284,PROD0044,3,25000,75000
ITEM000707,ORD00284,PROD0111,2,32000,64000
ITEM000708,ORD00284,PROD0099,1,22000,22000
ITEM000709,ORD00285,PROD0094,2,8000,16000
ITEM000710,ORD00285,PROD0118,3,38000,114000
ITEM000711,ORD00285,PROD0115,2,40000,80000
ITEM000712,ORD00286,PROD0056,3,15000,45000
ITEM000713,ORD00286,PROD0070,1,22000,22000
ITEM000714,ORD00287,PROD0069,1,15000,15000
ITEM000715,ORD00287,PROD0042,3,9000,27000
ITEM000716,ORD00288,PROD0031,3,35000,105000
ITEM000717,ORD00288,PROD0017,2,50000,100000
ITEM000718,ORD00288,PROD0113,1,10000,10000
ITEM000719,ORD00288,PROD0111,2,32000,64000
ITEM000720,ORD00289,PROD0005,2,25000,50000
ITEM000721,ORD00290,PROD0110,2,20000,40000
ITEM000722,ORD00291,PROD0005,2,25000,50000
ITEM000723,ORD00291,PROD0032,3,35000,105000
ITEM000724,ORD00291,PROD0058,3,28000,84000
ITEM000725,ORD00292,PROD0065,3,10000,30000
ITEM000726,ORD00292,PROD0090,2,12000,24000
ITEM000727,ORD00292,PROD0105,2,12000,24000
ITEM000728,ORD00292,PROD0068,2,10000,20000
ITEM000729,ORD00293,PROD0002,1,25000,25000
ITEM000730,ORD00293,PROD0120,3,30000,90000
ITEM000731,ORD00293,PROD0112,1,12000,12000
ITEM000732,ORD00294,PROD0066,1,25000,25000
ITEM000733,ORD00294,PROD0062,2,30000,60000
ITEM000734,ORD00294,PROD0012,3,75000,225000
ITEM000735,ORD00295,PROD0119,1,75000,75000
ITEM000736,ORD00296,PROD0055,3,9000,27000
ITEM000737,ORD00296,PROD0071,2,20000,40000
ITEM000738,ORD00296,PROD0115,3,40000,120000
ITEM000739,ORD00296,PROD0036,1,35000,35000
ITEM000740,ORD00297,PROD0072,3,22000,66000
ITEM000741,ORD00298,PROD0015,3,40000,120000
ITEM000742,ORD00298,PROD0061,3,20000,60000
ITEM000743,ORD00299,PROD0121,1,35000,35000
ITEM000744,ORD00299,PROD0047,2,22000,44000
ITEM000745,ORD00299,PROD0011,1,100000,100000
ITEM000746,ORD00299,PROD0075,3,20000,60000
ITEM000747,ORD00300,PROD0039,2,20000,40000
ITEM000748,ORD00300,PROD0089,2,8000,16000
ITEM000749,ORD00300,PROD0058,2,28000,56000
ITEM000750,ORD00301,PROD0047,1,22000,22000
ITEM000751,ORD00301,PROD0035,2,5000,10000
ITEM000752,ORD00301,PROD0088,1,31000,31000
ITEM000753,ORD00302,PROD0115,3,40000,120000
ITEM000754,ORD00302,PROD0002,3,25000,75000
ITEM000755,ORD00302,PROD0014,3,60000,180000
ITEM000756,ORD00303,PROD0096,1,8000,8000
ITEM000757,ORD00304,PROD0023,1,25000,25000
ITEM000758,ORD00304,PROD0037,2,60000,120000
ITEM000759,ORD00304,PROD0105,2,12000,24000
ITEM000760,ORD00304,PROD0013,3,25000,75000
ITEM000761,ORD00305,PROD0082,3,15000,45000
ITEM000762,ORD00305,PROD0005,1,25000,25000
ITEM000763,ORD00305,PROD0122,2,60000,120000
ITEM000764,ORD00306,PROD0080,1,10000,10000
ITEM000765,ORD00306,PROD0058,2,28000,56000
ITEM000766,ORD00307,PROD0060,2,10000,20000
ITEM000767,ORD00307,PROD0049,3,20000,60000
ITEM000768,ORD00307,PROD0038,3,30000,90000
ITEM000769,ORD00307,PROD0029,1,12000,12000
ITEM000770,ORD00308,PROD0022,3,45000,135000
ITEM000771,ORD00309,PROD0047,2,22000,44000
ITEM000772,ORD00309,PROD0001,3,30000,90000
ITEM000773,ORD00309,PROD0010,3,18000,54000
ITEM000774,ORD00310,PROD0094,1,8000,8000
ITEM000775,ORD00311,PROD0004,2,17000,34000
ITEM000776,ORD00311,PROD0080,1,10000,10000
ITEM000777,ORD00312,PROD0013,2,25000,50000
ITEM000778,ORD00312,PROD0088,2,31000,62000
ITEM000779,ORD00313,PROD0083,1,12000,12000
ITEM000780,ORD00313,PROD0053,2,40000,80000
ITEM000781,ORD00314,PROD0001,1,30000,30000
ITEM000782,ORD00314,PROD0073,2,15000,30000
ITEM000783,ORD00314,PROD0094,1,8000,8000
ITEM000784,ORD00314,PROD0074,3,18000,54000
ITEM000785,ORD00315,PROD0118,2,38000,76000
ITEM000786,ORD00315,PROD0026,2,5000,10000
ITEM000787,ORD00315,PROD0088,2,31000,62000
ITEM000788,ORD00316,PROD0037,2,60000,120000
ITEM000789,ORD00317,PROD0085,1,48000,48000
ITEM000790,ORD00318,PROD0072,1,22000,22000
ITEM000791,ORD00318,PROD0020,2,12000,24000
ITEM000792,ORD00318,PROD0088,1,31000,31000
ITEM000793,ORD00318,PROD0064,1,10000,10000
ITEM000794,ORD00319,PROD0117,1,100000,100000
ITEM000795,ORD00319,PROD0027,2,12000,24000
ITEM000796,ORD00319,PROD0111,2,32000,64000
ITEM000797,ORD00320,PROD0056,3,15000,45000
ITEM000798,ORD00320,PROD0103,1,50000,50000
ITEM000799,ORD00321,PROD0022,3,45000,135000
ITEM000800,ORD00321,PROD0101,2,10000,20000
ITEM000801,ORD00322,PROD0073,3,15000,45000
ITEM000802,ORD00322,PROD0116,2,45000,90000
ITEM000803,ORD00323,PROD0087,2,22000,44000
ITEM000804,ORD00323,PROD0014,2,60000,120000
ITEM000805,ORD00323,PROD0009,3,12000,36000
ITEM000806,ORD00323,PROD0073,3,15000,45000
ITEM000807,ORD00324,PROD0097,2,10000,20000
ITEM000808,ORD00324,PROD0091,1,16000,16000
ITEM000809,ORD00324,PROD0115,1,40000,40000
ITEM000810,ORD00325,PROD0047,1,22000,22000
ITEM000811,ORD00325,PROD0061,2,20000,40000
ITEM000812,ORD00325,PROD0069,1,15000,15000
ITEM000813,ORD00326,PROD0032,2,35000,70000
ITEM000814,ORD00327,PROD0057,2,35000,70000
ITEM000815,ORD00327,PROD0050,1,5000,5000
ITEM000816,ORD00327,PROD0113,2,10000,20000
ITEM000817,ORD00327,PROD0038,1,30000,30000
ITEM000818,ORD00328,PROD0096,2,8000,16000
ITEM000819,ORD00328,PROD0021,3,45000,135000
ITEM000820,ORD00328,PROD0117,2,100000,200000
ITEM000821,ORD00328,PROD0044,2,25000,50000
ITEM000822,ORD00329,PROD0062,1,30000,30000
ITEM000823,ORD00330,PROD0095,2,12000,24000
ITEM000824,ORD00330,PROD0064,2,10000,20000
ITEM000825,ORD00330,PROD0116,2,45000,90000
ITEM000826,ORD00330,PROD0081,3,12000,36000
ITEM000827,ORD00331,PROD0081,2,12000,24000
ITEM000828,ORD00332,PROD0047,3,22000,66000
ITEM000829,ORD00333,PROD0094,1,8000,8000
ITEM000830,ORD00333,PROD0016,1,150000,150000
ITEM000831,ORD00333,PROD0088,2,31000,62000
ITEM000832,ORD00334,PROD0110,2,20000,40000
ITEM000833,ORD00334,PROD0115,3,40000,120000
ITEM000834,ORD00334,PROD0072,3,22000,66000
ITEM000835,ORD00335,PROD0120,1,30000,30000
ITEM000836,ORD00335,PROD0001,2,30000,60000
ITEM000837,ORD00335,PROD0038,2,30000,60000
ITEM000838,ORD00335,PROD0121,2,35000,70000
ITEM000839,ORD00336,PROD0105,2,12000,24000
ITEM000840,ORD00336,PROD0101,2,10000,20000
ITEM000841,ORD00336,PROD0081,1,12000,12000
ITEM000842,ORD00337,PROD0050,2,5000,10000
ITEM000843,ORD00337,PROD0038,3,30000,90000
ITEM000844,ORD00337,PROD0094,2,8000,16000
ITEM000845,ORD00337,PROD0055,1,9000,9000
ITEM000846,ORD00338,PROD0072,2,22000,44000
ITEM000847,ORD00338,PROD0018,3,125000,375000
ITEM000848,ORD00338,PROD0027,3,12000,36000
ITEM000849,ORD00338,PROD0026,2,5000,10000
ITEM000850,ORD00339,PROD0021,3,45000,135000
ITEM000851,ORD00339,PROD0114,2,50000,100000
ITEM000852,ORD00340,PROD0003,2,20000,40000
ITEM000853,ORD00340,PROD0104,1,50000,50000
ITEM000854,ORD00341,PROD0119,2,75000,150000
ITEM000855,ORD00342,PROD0010,3,18000,54000
ITEM000856,ORD00343,PROD0005,3,25000,75000
ITEM000857,ORD00344,PROD0112,2,12000,24000
ITEM000858,ORD00344,PROD0036,3,35000,105000
ITEM000859,ORD00345,PROD0013,2,25000,50000
ITEM000860,ORD00345,PROD0010,1,18000,18000
ITEM000861,ORD00345,PROD0034,2,20000,40000
ITEM000862,ORD00345,PROD0043,3,18000,54000
ITEM000863,ORD00346,PROD0022,3,45000,135000
ITEM000864,ORD00346,PROD0025,3,5000,15000
ITEM000865,ORD00347,PROD0116,1,45000,45000
ITEM000866,ORD00347,PROD0065,3,10000,30000
ITEM000867,ORD00347,PROD0003,1,20000,20000
ITEM000868,ORD00348,PROD0021,3,45000,135000
ITEM000869,ORD00348,PROD0044,2,25000,50000
ITEM000870,ORD00348,PROD0036,3,35000,105000
ITEM000871,ORD00349,PROD0047,2,22000,44000
ITEM000872,ORD00350,PROD0091,1,16000,16000
ITEM000873,ORD00350,PROD0071,1,20000,20000
ITEM000874,ORD00350,PROD0022,1,45000,45000
ITEM000875,ORD00350,PROD0079,3,30000,90000
ITEM000876,ORD00351,PROD0030,2,10000,20000
ITEM000877,ORD00351,PROD0080,2,10000,20000
ITEM000878,ORD00352,PROD0026,3,5000,15000
ITEM000879,ORD00353,PROD0021,1,45000,45000
ITEM000880,ORD00353,PROD0118,3,38000,114000
ITEM000881,ORD00354,PROD0026,2,5000,10000
ITEM000882,ORD00355,PROD0051,1,8000,8000
ITEM000883,ORD00355,PROD0022,1,45000,45000
ITEM000884,ORD00355,PROD0029,2,12000,24000
ITEM000885,ORD00356,PROD0093,1,24000,24000
ITEM000886,ORD00356,PROD0002,1,25000,25000
ITEM000887,ORD00356,PROD0080,2,10000,20000
ITEM000888,ORD00356,PROD0055,1,9000,9000
ITEM000889,ORD00357,PROD0105,2,12000,24000
ITEM000890,ORD00357,PROD0067,2,30000,60000
ITEM000891,ORD00357,PROD0042,3,9000,27000
ITEM000892,ORD00357,PROD0082,1,15000,15000
ITEM000893,ORD00358,PROD0052,2,12000,24000
ITEM000894,ORD00358,PROD0105,2,12000,24000
ITEM000895,ORD00358,PROD0042,3,9000,27000
ITEM000896,ORD00359,PROD0068,1,10000,10000
ITEM000897,ORD00359,PROD0095,1,12000,12000
ITEM000898,ORD00360,PROD0039,1,20000,20000
ITEM000899,ORD00360,PROD0055,3,9000,27000
ITEM000900,ORD00360,PROD0053,3,40000,120000
ITEM000901,ORD00361,PROD0040,1,40000,40000
ITEM000902,ORD00361,PROD0070,1,22000,22000
ITEM000903,ORD00361,PROD0077,1,6000,6000
ITEM000904,ORD00361,PROD0080,2,10000,20000
ITEM000905,ORD00362,PROD0079,3,30000,90000
ITEM000906,ORD00362,PROD0086,2,22000,44000
ITEM000907,ORD00362,PROD0027,2,12000,24000
ITEM000908,ORD00363,PROD0110,2,20000,40000
ITEM000909,ORD00363,PROD0074,3,18000,54000
ITEM000910,ORD00364,PROD0057,1,35000,35000
ITEM000911,ORD00365,PROD0070,3,22000,66000
ITEM000912,ORD00365,PROD0057,3,35000,105000
ITEM000913,ORD00365,PROD0042,2,9000,18000
ITEM000914,ORD00366,PROD0072,1,22000,22000
ITEM000915,ORD00366,PROD0111,1,32000,32000
ITEM000916,ORD00366,PROD0104,2,50000,100000
ITEM000917,ORD00366,PROD0021,1,45000,45000
ITEM000918,ORD00367,PROD0065,1,10000,10000
ITEM000919,ORD00368,PROD0094,1,8000,8000
ITEM000920,ORD00368,PROD0105,1,12000,12000
ITEM000921,ORD00368,PROD0110,1,20000,20000
ITEM000922,ORD00368,PROD0106,2,25000,50000
ITEM000923,ORD00369,PROD0097,1,10000,10000
ITEM000924,ORD00369,PROD0054,2,25000,50000
ITEM000925,ORD00369,PROD0123,1,90000,90000
ITEM000926,ORD00370,PROD0083,1,12000,12000
ITEM000927,ORD00370,PROD0049,1,20000,20000
ITEM000928,ORD00370,PROD0119,3,75000,225000
ITEM000929,ORD00370,PROD0091,2,16000,32000
ITEM000930,ORD00371,PROD0109,2,9000,18000
ITEM000931,ORD00372,PROD0117,3,100000,300000
ITEM000932,ORD00373,PROD0123,3,90000,270000
ITEM000933,ORD00373,PROD0080,3,10000,30000
ITEM000934,ORD00373,PROD0022,3,45000,135000
ITEM000935,ORD00374,PROD0018,1,125000,125000
ITEM000936,ORD00374,PROD0059,1,234000,234000
ITEM000937,ORD00374,PROD0110,2,20000,40000
ITEM000938,ORD00375,PROD0110,1,20000,20000
ITEM000939,ORD00375,PROD0022,1,45000,45000
ITEM000940,ORD00375,PROD0102,1,14000,14000
ITEM000941,ORD00375,PROD0039,2,20000,40000
ITEM000942,ORD00376,PROD0026,3,5000,15000
ITEM000943,ORD00376,PROD0103,1,50000,50000
ITEM000944,ORD00377,PROD0085,1,48000,48000
ITEM000945,ORD00377,PROD0070,3,22000,66000
ITEM000946,ORD00378,PROD0011,3,100000,300000
ITEM000947,ORD00378,PROD0025,1,5000,5000
ITEM000948,ORD00379,PROD0090,1,12000,12000
ITEM000949,ORD00379,PROD0050,2,5000,10000
ITEM000950,ORD00379,PROD0073,2,15000,30000
ITEM000951,ORD00379,PROD0080,1,10000,10000
ITEM000952,ORD00380,PROD0002,2,25000,50000
ITEM000953,ORD00381,PROD0049,2,20000,40000
ITEM000954,ORD00382,PROD0072,1,22000,22000
ITEM000955,ORD00383,PROD0044,1,25000,25000
ITEM000956,ORD00383,PROD0048,2,50000,100000
ITEM000957,ORD00384,PROD0004,2,17000,34000
ITEM000958,ORD00384,PROD0070,2,22000,44000
ITEM000959,ORD00385,PROD0104,2,50000,100000
ITEM000960,ORD00386,PROD0057,2,35000,70000
ITEM000961,ORD00386,PROD0112,2,12000,24000
ITEM000962,ORD00386,PROD0016,1,150000,150000
ITEM000963,ORD00387,PROD0093,2,24000,48000
ITEM000964,ORD00387,PROD0110,2,20000,40000
ITEM000965,ORD00387,PROD0015,1,40000,40000
ITEM000966,ORD00388,PROD0107,2,12000,24000
ITEM000967,ORD00388,PROD0042,2,9000,18000
ITEM000968,ORD00388,PROD0059,1,234000,234000
ITEM000969,ORD00388,PROD0071,2,20000,40000
ITEM000970,ORD00389,PROD0095,1,12000,12000
ITEM000971,ORD00389,PROD0078,2,12000,24000
ITEM000972,ORD00389,PROD0003,1,20000,20000
ITEM000973,ORD00389,PROD0012,2,75000,150000
ITEM000974,ORD00390,PROD0044,1,25000,25000
ITEM000975,ORD00390,PROD0004,2,17000,34000
ITEM000976,ORD00390,PROD0015,2,40000,80000
ITEM000977,ORD00391,PROD0080,3,10000,30000
ITEM000978,ORD00392,PROD0008,2,28000,56000
ITEM000979,ORD00392,PROD0090,2,12000,24000
ITEM000980,ORD00392,PROD0096,2,8000,16000
ITEM000981,ORD00392,PROD0080,2,10000,20000
ITEM000982,ORD00393,PROD0066,2,25000,50000
ITEM000983,ORD00393,PROD0071,3,20000,60000
ITEM000984,ORD00393,PROD0061,1,20000,20000
ITEM000985,ORD00393,PROD0073,3,15000,45000
ITEM000986,ORD00394,PROD0100,1,9000,9000
ITEM000987,ORD00394,PROD0091,1,16000,16000
ITEM000988,ORD00394,PROD0032,2,35000,70000
ITEM000989,ORD00394,PROD0037,3,60000,180000
ITEM000990,ORD00395,PROD0058,2,28000,56000
ITEM000991,ORD00395,PROD0006,3,15000,45000
ITEM000992,ORD00396,PROD0089,2,8000,16000
ITEM000993,ORD00396,PROD0001,3,30000,90000
ITEM000994,ORD00396,PROD0051,1,8000,8000
ITEM000995,ORD00396,PROD0081,1,12000,12000
ITEM000996,ORD00397,PROD0060,3,10000,30000
ITEM000997,ORD00397,PROD0059,2,234000,468000
ITEM000998,ORD00397,PROD0093,1,24000,24000
ITEM000999,ORD00398,PROD0003,1,20000,20000
ITEM001000,ORD00398,PROD0021,3,45000,135000
ITEM001001,ORD00398,PROD0040,2,40000,80000
ITEM001002,ORD00399,PROD0074,2,18000,36000
ITEM001003,ORD00399,PROD0101,1,10000,10000
ITEM001004,ORD00400,PROD0049,2,20000,40000
ITEM001005,ORD00400,PROD0054,1,25000,25000
ITEM001006,ORD00400,PROD0022,1,45000,45000
ITEM001007,ORD00401,PROD0028,2,5000,10000
ITEM001008,ORD00401,PROD0046,3,173000,519000
ITEM001009,ORD00401,PROD0029,1,12000,12000
ITEM001010,ORD00401,PROD0010,3,18000,54000
ITEM001011,ORD00402,PROD0038,2,30000,60000
ITEM001012,ORD00403,PROD0065,2,10000,20000
ITEM001013,ORD00404,PROD0080,1,10000,10000
ITEM001014,ORD00404,PROD0037,1,60000,60000
ITEM001015,ORD00405,PROD0103,1,50000,50000
ITEM001016,ORD00405,PROD0020,1,12000,12000
ITEM001017,ORD00405,PROD0119,3,75000,225000
ITEM001018,ORD00405,PROD0067,1,30000,30000
ITEM001019,ORD00406,PROD0057,2,35000,70000
ITEM001020,ORD00407,PROD0018,3,125000,375000
ITEM001021,ORD00408,PROD0031,3,35000,105000
ITEM001022,ORD00408,PROD0042,1,9000,9000
ITEM001023,ORD00409,PROD0075,3,20000,60000
ITEM001024,ORD00409,PROD0117,2,100000,200000
ITEM001025,ORD00409,PROD0044,2,25000,50000
ITEM001026,ORD00409,PROD0054,2,25000,50000
ITEM001027,ORD00410,PROD0054,2,25000,50000
ITEM001028,ORD00410,PROD0105,1,12000,12000
ITEM001029,ORD00410,PROD0029,3,12000,36000
ITEM001030,ORD00411,PROD0073,2,15000,30000
ITEM001031,ORD00411,PROD0095,2,12000,24000
ITEM001032,ORD00411,PROD0052,2,12000,24000
ITEM001033,ORD00412,PROD0028,3,5000,15000
ITEM001034,ORD00412,PROD0110,2,20000,40000
ITEM001035,ORD00412,PROD0088,1,31000,31000
ITEM001036,ORD00412,PROD0047,3,22000,66000
ITEM001037,ORD00413,PROD0013,3,25000,75000
ITEM001038,ORD00414,PROD0073,1,15000,15000
ITEM001039,ORD00414,PROD0116,2,45000,90000
ITEM001040,ORD00414,PROD0090,2,12000,24000
ITEM001041,ORD00415,PROD0045,2,25000,50000
ITEM001042,ORD00415,PROD0043,3,18000,54000
ITEM001043,ORD00415,PROD0055,2,9000,18000
ITEM001044,ORD00416,PROD0060,3,10000,30000
ITEM001045,ORD00416,PROD0074,3,18000,54000
ITEM001046,ORD00416,PROD0122,3,60000,180000
ITEM001047,ORD00416,PROD0054,1,25000,25000
ITEM001048,ORD00417,PROD0018,3,125000,375000
ITEM001049,ORD00417,PROD0094,1,8000,8000
ITEM001050,ORD00417,PROD0121,1,35000,35000
ITEM001051,ORD00417,PROD0049,1,20000,20000
ITEM001052,ORD00418,PROD0032,1,35000,35000
ITEM001053,ORD00418,PROD0072,3,22000,66000
ITEM001054,ORD00418,PROD0081,1,12000,12000
ITEM001055,ORD00419,PROD0028,1,5000,5000
ITEM001056,ORD00419,PROD0097,1,10000,10000
ITEM001057,ORD00420,PROD0026,2,5000,10000
ITEM001058,ORD00420,PROD0049,2,20000,40000
ITEM001059,ORD00420,PROD0010,3,18000,54000
ITEM001060,ORD00421,PROD0081,3,12000,36000
ITEM001061,ORD00422,PROD0029,2,12000,24000
ITEM001062,ORD00422,PROD0014,3,60000,180000
ITEM001063,ORD00422,PROD0092,2,25000,50000
ITEM001064,ORD00422,PROD0044,1,25000,25000
ITEM001065,ORD00423,PROD0113,2,10000,20000
ITEM001066,ORD00423,PROD0044,3,25000,75000
ITEM001067,ORD00423,PROD0003,3,20000,60000
ITEM001068,ORD00423,PROD0115,2,40000,80000
ITEM001069,ORD00424,PROD0098,2,15000,30000
ITEM001070,ORD00424,PROD0086,2,22000,44000
ITEM001071,ORD00424,PROD0093,1,24000,24000
ITEM001072,ORD00424,PROD0041,3,20000,60000
ITEM001073,ORD00425,PROD0022,3,45000,135000
ITEM001074,ORD00426,PROD0112,2,12000,24000
ITEM001075,ORD00426,PROD0048,1,50000,50000
ITEM001076,ORD00426,PROD0086,1,22000,22000
ITEM001077,ORD00427,PROD0028,2,5000,10000
ITEM001078,ORD00427,PROD0069,1,15000,15000
ITEM001079,ORD00427,PROD0046,3,173000,519000
ITEM001080,ORD00427,PROD0048,3,50000,150000
ITEM001081,ORD00428,PROD0009,3,12000,36000
ITEM001082,ORD00428,PROD0097,1,10000,10000
ITEM001083,ORD00428,PROD0092,2,25000,50000
ITEM001084,ORD00428,PROD0038,3,30000,90000
ITEM001085,ORD00429,PROD0093,1,24000,24000
ITEM001086,ORD00430,PROD0110,1,20000,20000
ITEM001087,ORD00430,PROD0056,3,15000,45000
ITEM001088,ORD00430,PROD0100,2,9000,18000
ITEM001089,ORD00431,PROD0112,1,12000,12000
ITEM001090,ORD00431,PROD0038,2,30000,60000
ITEM001091,ORD00432,PROD0021,2,45000,90000
ITEM001092,ORD00432,PROD0079,3,30000,90000
ITEM001093,ORD00433,PROD0098,2,15000,30000
ITEM001094,ORD00433,PROD0022,2,45000,90000
ITEM001095,ORD00433,PROD0076,1,30000,30000
ITEM001096,ORD00433,PROD0045,2,25000,50000
ITEM001097,ORD00434,PROD0073,2,15000,30000
ITEM001098,ORD00434,PROD0024,3,12000,36000
ITEM001099,ORD00434,PROD0081,1,12000,12000
ITEM001100,ORD00434,PROD0045,2,25000,50000
ITEM001101,ORD00435,PROD0011,3,100000,300000
ITEM001102,ORD00435,PROD0015,2,40000,80000
ITEM001103,ORD00435,PROD0013,3,25000,75000
ITEM001104,ORD00436,PROD0020,2,12000,24000
ITEM001105,ORD00436,PROD0117,2,100000,200000
ITEM001106,ORD00437,PROD0038,3,30000,90000
ITEM001107,ORD00437,PROD0122,2,60000,120000
ITEM001108,ORD00438,PROD0106,2,25000,50000
ITEM001109,ORD00438,PROD0010,1,18000,18000
ITEM001110,ORD00439,PROD0106,2,25000,50000
ITEM001111,ORD00439,PROD0034,3,20000,60000
ITEM001112,ORD00439,PROD0088,2,31000,62000
ITEM001113,ORD00440,PROD0067,3,30000,90000
ITEM001114,ORD00440,PROD0026,2,5000,10000
ITEM001115,ORD00441,PROD0118,2,38000,76000
ITEM001116,ORD00442,PROD0101,1,10000,10000
ITEM001117,ORD00443,PROD0067,3,30000,90000
ITEM001118,ORD00443,PROD0079,3,30000,90000
ITEM001119,ORD00443,PROD0117,2,100000,200000
ITEM001120,ORD00444,PROD0057,3,35000,105000
ITEM001121,ORD00444,PROD0081,1,12000,12000
ITEM001122,ORD00445,PROD0059,3,234000,702000
ITEM001123,ORD00446,PROD0008,3,28000,84000
ITEM001124,ORD00447,PROD0080,3,10000,30000
ITEM001125,ORD00447,PROD0094,2,8000,16000
ITEM001126,ORD00447,PROD0086,2,22000,44000
ITEM001127,ORD00448,PROD0093,1,24000,24000
ITEM001128,ORD00448,PROD0111,1,32000,32000
ITEM001129,ORD00448,PROD0103,1,50000,50000
ITEM001130,ORD00448,PROD0002,2,25000,50000
ITEM001131,ORD00449,PROD0001,2,30000,60000
ITEM001132,ORD00449,PROD0038,3,30000,90000
ITEM001133,ORD00449,PROD0100,1,9000,9000
ITEM001134,ORD00450,PROD0109,1,9000,9000
ITEM001135,ORD00451,PROD0058,3,28000,84000
ITEM001136,ORD00451,PROD0109,1,9000,9000
ITEM001137,ORD00452,PROD0008,3,28000,84000
ITEM001138,ORD00452,PROD0003,1,20000,20000
ITEM001139,ORD00452,PROD0056,1,15000,15000
ITEM001140,ORD00452,PROD0064,3,10000,30000
ITEM001141,ORD00453,PROD0081,1,12000,12000
ITEM001142,ORD00453,PROD0114,1,50000,50000
ITEM001143,ORD00454,PROD0027,2,12000,24000
ITEM001144,ORD00454,PROD0113,1,10000,10000
ITEM001145,ORD00454,PROD0059,2,234000,468000
ITEM001146,ORD00455,PROD0063,1,12000,12000
ITEM001147,ORD00455,PROD0103,1,50000,50000
ITEM001148,ORD00456,PROD0105,2,12000,24000
ITEM001149,ORD00456,PROD0107,2,12000,24000
ITEM001150,ORD00456,PROD0122,2,60000,120000
ITEM001151,ORD00457,PROD0123,2,90000,180000
ITEM001152,ORD00457,PROD0029,2,12000,24000
ITEM001153,ORD00457,PROD0080,3,10000,30000
ITEM001154,ORD00458,PROD0094,1,8000,8000
ITEM001155,ORD00458,PROD0121,1,35000,35000
ITEM001156,ORD00459,PROD0023,2,25000,50000
ITEM001157,ORD00459,PROD0052,1,12000,12000
ITEM001158,ORD00459,PROD0084,2,9000,18000
ITEM001159,ORD00460,PROD0076,1,30000,30000
ITEM001160,ORD00460,PROD0051,1,8000,8000
ITEM001161,ORD00461,PROD0072,2,22000,44000
ITEM001162,ORD00461,PROD0120,1,30000,30000
ITEM001163,ORD00461,PROD0051,3,8000,24000
ITEM001164,ORD00462,PROD0063,1,12000,12000
ITEM001165,ORD00462,PROD0057,2,35000,70000
ITEM001166,ORD00462,PROD0046,3,173000,519000
ITEM001167,ORD00463,PROD0003,2,20000,40000
ITEM001168,ORD00463,PROD0089,1,8000,8000
ITEM001169,ORD00463,PROD0112,2,12000,24000
ITEM001170,ORD00464,PROD0042,2,9000,18000
ITEM001171,ORD00464,PROD0108,2,30000,60000
ITEM001172,ORD00464,PROD0112,2,12000,24000
ITEM001173,ORD00465,PROD0122,2,60000,120000
ITEM001174,ORD00465,PROD0005,1,25000,25000
ITEM001175,ORD00466,PROD0049,2,20000,40000
ITEM001176,ORD00466,PROD0021,2,45000,90000
ITEM001177,ORD00466,PROD0009,2,12000,24000
ITEM001178,ORD00466,PROD0065,3,10000,30000
ITEM001179,ORD00467,PROD0001,1,30000,30000
ITEM001180,ORD00467,PROD0036,2,35000,70000
ITEM001181,ORD00467,PROD0011,1,100000,100000
ITEM001182,ORD00467,PROD0004,1,17000,17000
ITEM001183,ORD00468,PROD0104,1,50000,50000
ITEM001184,ORD00468,PROD0040,1,40000,40000
ITEM001185,ORD00469,PROD0115,2,40000,80000
ITEM001186,ORD00470,PROD0093,2,24000,48000
ITEM001187,ORD00470,PROD0120,3,30000,90000
ITEM001188,ORD00471,PROD0076,1,30000,30000
ITEM001189,ORD00472,PROD0020,1,12000,12000
ITEM001190,ORD00472,PROD0018,1,125000,125000
ITEM001191,ORD00472,PROD0102,2,14000,28000
ITEM001192,ORD00473,PROD0023,1,25000,25000
ITEM001193,ORD00473,PROD0093,2,24000,48000
ITEM001194,ORD00473,PROD0078,2,12000,24000
ITEM001195,ORD00474,PROD0080,1,10000,10000
ITEM001196,ORD00474,PROD0119,1,75000,75000
ITEM001197,ORD00474,PROD0114,1,50000,50000
ITEM001198,ORD00475,PROD0026,1,5000,5000
ITEM001199,ORD00475,PROD0067,3,30000,90000
ITEM001200,ORD00476,PROD0001,2,30000,60000
ITEM001201,ORD00476,PROD0053,3,40000,120000
ITEM001202,ORD00476,PROD0036,1,35000,35000
ITEM001203,ORD00477,PROD0057,2,35000,70000
ITEM001204,ORD00478,PROD0057,1,35000,35000
ITEM001205,ORD00478,PROD0004,2,17000,34000
ITEM001206,ORD00479,PROD0073,2,15000,30000
ITEM001207,ORD00479,PROD0081,3,12000,36000
ITEM001208,ORD00479,PROD0003,2,20000,40000
ITEM001209,ORD00480,PROD0028,3,5000,15000
ITEM001210,ORD00481,PROD0102,1,14000,14000
ITEM001211,ORD00481,PROD0103,1,50000,50000
ITEM001212,ORD00481,PROD0043,1,18000,18000
ITEM001213,ORD00482,PROD0080,1,10000,10000
ITEM001214,ORD00482,PROD0100,2,9000,18000
ITEM001215,ORD00482,PROD0116,2,45000,90000
ITEM001216,ORD00482,PROD0030,2,10000,20000
ITEM001217,ORD00483,PROD0017,1,50000,50000
ITEM001218,ORD00483,PROD0047,1,22000,22000
ITEM001219,ORD00483,PROD0005,3,25000,75000
ITEM001220,ORD00484,PROD0050,1,5000,5000
ITEM001221,ORD00485,PROD0011,1,100000,100000
ITEM001222,ORD00485,PROD0115,3,40000,120000
ITEM001223,ORD00486,PROD0012,1,75000,75000
ITEM001224,ORD00486,PROD0052,3,12000,36000
ITEM001225,ORD00486,PROD0061,3,20000,60000
ITEM001226,ORD00486,PROD0121,1,35000,35000
ITEM001227,ORD00487,PROD0012,3,75000,225000
ITEM001228,ORD00487,PROD0025,2,5000,10000
ITEM001229,ORD00487,PROD0010,2,18000,36000
ITEM001230,ORD00487,PROD0109,1,9000,9000
ITEM001231,ORD00488,PROD0067,1,30000,30000
ITEM001232,ORD00489,PROD0079,2,30000,60000
ITEM001233,ORD00489,PROD0081,2,12000,24000
ITEM001234,ORD00489,PROD0108,2,30000,60000
ITEM001235,ORD00490,PROD0099,2,22000,44000
ITEM001236,ORD00490,PROD0025,1,5000,5000
ITEM001237,ORD00490,PROD0070,1,22000,22000
ITEM001238,ORD00490,PROD0058,3,28000,84000
ITEM001239,ORD00491,PROD0103,1,50000,50000
ITEM001240,ORD00492,PROD0085,1,48000,48000
ITEM001241,ORD00492,PROD0010,3,18000,54000
ITEM001242,ORD00492,PROD0087,2,22000,44000
ITEM001243,ORD00492,PROD0096,1,8000,8000
ITEM001244,ORD00493,PROD0115,2,40000,80000
ITEM001245,ORD00493,PROD0013,1,25000,25000
ITEM001246,ORD00493,PROD0065,1,10000,10000
ITEM001247,ORD00493,PROD0118,1,38000,38000
ITEM001248,ORD00494,PROD0093,2,24000,48000
ITEM001249,ORD00495,PROD0013,1,25000,25000
ITEM001250,ORD00496,PROD0061,3,20000,60000
ITEM001251,ORD00496,PROD0093,1,24000,24000
ITEM001252,ORD00497,PROD0050,3,5000,15000
ITEM001253,ORD00498,PROD0042,1,9000,9000
ITEM001254,ORD00498,PROD0025,2,5000,10000
ITEM001255,ORD00499,PROD0026,1,5000,5000
ITEM001256,ORD00499,PROD0006,2,15000,30000
ITEM001257,ORD00499,PROD0086,1,22000,22000
ITEM001258,ORD00500,PROD0047,3,22000,66000
ITEM001259,ORD00501,PROD0071,2,20000,40000
ITEM001260,ORD00501,PROD0054,1,25000,25000
ITEM001261,ORD00501,PROD0112,1,12000,12000
ITEM001262,ORD00502,PROD0028,2,5000,10000
ITEM001263,ORD00503,PROD0092,1,25000,25000
ITEM001264,ORD00503,PROD0112,1,12000,12000
ITEM001265,ORD00503,PROD0090,1,12000,12000
ITEM001266,ORD00503,PROD0016,3,150000,450000
ITEM001267,ORD00504,PROD0112,2,12000,24000
ITEM001268,ORD00504,PROD0047,3,22000,66000
ITEM001269,ORD00504,PROD0034,1,20000,20000
ITEM001270,ORD00505,PROD0002,2,25000,50000
ITEM001271,ORD00506,PROD0009,2,12000,24000
ITEM001272,ORD00506,PROD0060,1,10000,10000
ITEM001273,ORD00506,PROD0052,3,12000,36000
ITEM001274,ORD00507,PROD0080,1,10000,10000
ITEM001275,ORD00507,PROD0083,3,12000,36000
ITEM001276,ORD00507,PROD0018,2,125000,250000
ITEM001277,ORD00507,PROD0054,1,25000,25000
ITEM001278,ORD00508,PROD0029,3,12000,36000
ITEM001279,ORD00508,PROD0030,1,10000,10000
ITEM001280,ORD00508,PROD0094,1,8000,8000
ITEM001281,ORD00508,PROD0022,1,45000,45000
ITEM001282,ORD00509,PROD0016,3,150000,450000
ITEM001283,ORD00510,PROD0005,2,25000,50000
ITEM001284,ORD00511,PROD0071,2,20000,40000
ITEM001285,ORD00511,PROD0118,2,38000,76000
ITEM001286,ORD00511,PROD0098,1,15000,15000
ITEM001287,ORD00511,PROD0045,2,25000,50000
ITEM001288,ORD00512,PROD0016,3,150000,450000
ITEM001289,ORD00512,PROD0007,2,20000,40000
ITEM001290,ORD00513,PROD0038,2,30000,60000
ITEM001291,ORD00514,PROD0106,1,25000,25000
ITEM001292,ORD00514,PROD0053,3,40000,120000
ITEM001293,ORD00514,PROD0036,2,35000,70000
ITEM001294,ORD00515,PROD0117,1,100000,100000
ITEM001295,ORD00515,PROD0081,1,12000,12000
ITEM001296,ORD00515,PROD0054,3,25000,75000
ITEM001297,ORD00516,PROD0117,2,100000,200000
ITEM001298,ORD00516,PROD0018,3,125000,375000
ITEM001299,ORD00516,PROD0028,3,5000,15000
ITEM001300,ORD00516,PROD0016,1,150000,150000
ITEM001301,ORD00517,PROD0006,3,15000,45000
ITEM001302,ORD00517,PROD0099,1,22000,22000
ITEM001303,ORD00517,PROD0031,1,35000,35000
ITEM001304,ORD00518,PROD0001,2,30000,60000
ITEM001305,ORD00518,PROD0114,1,50000,50000
ITEM001306,ORD00518,PROD0024,1,12000,12000
ITEM001307,ORD00519,PROD0009,3,12000,36000
ITEM001308,ORD00519,PROD0049,1,20000,20000
ITEM001309,ORD00519,PROD0010,1,18000,18000
